{
                    "emp_details": [
                                        {
                                                            "name": "John",
                                                            "age": 30,
                                                            "city": "New York"
                                        },
                                        {
                                                            "emp_name": "Nikhil",
                                                            "email": "nikhil@geeksforgeeks.org",
                                                            "job_profile": "Full Time"
                                        },
                                        {
                                                            "emp_name": "Nikhil",
                                                            "email": "nikhil@geeksforgeeks.org",
                                                            "job_profile": "Full Time"
                                        },
                                        {
                                                            "emp_name": "Nikhil",
                                                            "email": "nikhil@geeksforgeeks.org",
                                                            "job_profile": "Full Time"
                                        },
                                        {
                                                            "emp_name": "Nikhil",
                                                            "email": "nikhil@geeksforgeeks.org",
                                                            "job_profile": "Full Time"
                                        },
                                        {
                                                            "emp_name": "Nikhil",
                                                            "email": "nikhil@geeksforgeeks.org",
                                                            "job_profile": "Full Time"
                                        },
                                        {
                                                            "emp_name": "Nikhil",
                                                            "email": "nikhil@geeksforgeeks.org",
                                                            "job_profile": "Full Time"
                                        },
                                        {
                                                            "emp_name": "Nikhil",
                                                            "email": "nikhil@geeksforgeeks.org",
                                                            "job_profile": "Full Time"
                                        }
                    ]
}