{
    "emp_details": [
        {
            "emp_name": "Amal",
            "email": "amal@gmail.com",
            "job_profile": "developer"
        },
        {
            "emp_name": "Afreed",
            "email": "afred@gmail.com",
            "job_profile": "developer"
        },
        {
            "emp_name": "Sachin",
            "email": "sachin@gmail.com",
            "job_profile": "full time"
        },
        {
            "emp_name": "Nikhil",
            "email": "nikhil@geeksforgeeks.org",
            "job_profile": "Full Time"
        },
        {
            "emp_name": "Nikhil",
            "email": "nikhil@geeksforgeeks.org",
            "job_profile": "Full Time"
        },
        {
            "emp_name": "Nikhil",
            "email": "nikhil@geeksforgeeks.org",
            "job_profile": "Full Time"
        },
        {
            "emp_name": "Nikhil",
            "email": "nikhil@geeksforgeeks.org",
            "job_profile": "Full Time"
        },
        {
            "emp_name": "Nikhil",
            "email": "nikhil@geeksforgeeks.org",
            "job_profile": "Full Time"
        }
    ]
}