{
    "std_details": [
        {
            "std_name": "amal",
            "age": 26,
            "email": "amal@gmail.com",
            "address": "anj"
        },
        {
            "std_name": "afreed",
            "age": 25,
            "email": "afreed@gmail.com",
            "address": "aff"
        },
        {
            "std_name": "sachin",
            "age": 27,
            "email": "sachin@gmail.com",
            "address": "afgh"
        },
        {
            "std_name": "karthik",
            "age": 25,
            "email": "karthik@gmail.com",
            "address": "affdfghj"
        },
        {
            "std_name": "karthik",
            "age": 25,
            "email": "karthik@gmail.com",
            "address": "affdfghj"
        }
    ]
}